{"items":[{"x":3,"y":0,"color":{"r":0.3499999940395355,"g":0.34285715222358706,"b":1.0,"a":1.0}},{"x":1,"y":0,"color":{"r":1.0,"g":0.2928571403026581,"b":1.0,"a":1.0}},{"x":0,"y":1,"color":{"r":0.4357142746448517,"g":1.0,"b":0.41428571939468386,"a":1.0}},{"x":2,"y":2,"color":{"r":1.0,"g":0.5714285969734192,"b":0.0,"a":1.0}}]}
